Purchase ID,SN,Age,Gender,Item ID,Item Name,Price
0,Iloni35,20,Male,93,Apocalyptic Battlescythe,4.49
1,Aidaira26,21,Male,12,Dawne,3.36
2,Irim47,17,Male,5,Putrid Fan,2.63
3,Irith83,17,Male,123,Twilight's Carver,2.55
4,Philodil43,22,Male,154,Feral Katana,4.11
5,Hainaria90,8,Male,8,"Purgatory, Gem of Regret",2.22
6,Aerithllora36,40,Male,148,"Warmonger, Gift of Suffering's End",4.65
7,Undirra90,28,Male,27,"Riddle, Tribute of Ended Dreams",3.38
8,Eolideu96,18,Male,111,Misery's End,1.79
9,Aesurstilis64,36,Male,139,"Mercy, Katana of Dismay",4.25
10,Jiskimsda56,24,Male,126,Exiled Mithril Longsword,1.08
11,Jiskim75,36,Female,173,Stormfury Longsword,4.01
12,Lirtassa77,20,Female,90,Betrayer,4.12
13,Hairith93,32,Male,23,Crucifer,1.62
14,Yarith71,8,Male,44,Bonecarvin Battle Axe,4.36
15,Sondim43,23,Male,94,Mourning Blade,3.64
16,Zhisrisu83,24,Male,174,Primitive Blade,1.36
17,Rarallo90,9,Male,156,Soul-Forged Steel Shortsword,4.53
18,Inadeu25,12,Other / Non-Disclosed,176,Relentless Iron Skewer,2.12
19,Haerithp41,23,Male,154,Feral Katana,4.11
20,Streural92,35,Male,10,Sleepwalker,1.81
21,Eoralphos86,11,Male,131,Fury,2.99
22,Shaidanu32,16,Male,172,Blade of the Grave,2.71
23,Lassimla92,20,Male,158,"Darkheart, Butcher of the Champion",1.94
24,Heosurnuru52,23,Male,70,Hope's End,4.28
25,Ilara98,17,Male,71,Demise,3.09
26,Lirtistanya48,7,Male,98,"Deadline, Voice Of Subtlety",1.29
27,Sundaky74,25,Male,117,"Heartstriker, Legacy of the Light",4.71
28,Sondassasya91,20,Female,170,Shadowsteel,1.74
29,Arithllorin55,21,Male,90,Betrayer,4.12
30,Hairith93,32,Male,138,"Peacekeeper, Wit of Dark Magic",2.63
31,Ethralan59,33,Male,129,"Fate, Vengeance of Eternal Justice",2.88
32,Alarap40,24,Female,117,"Heartstriker, Legacy of the Light",4.71
33,Pharithdil38,16,Female,0,Splinter,1.89
34,Chamjaskya75,17,Male,180,Stormcaller,2.77
35,Ila44,20,Male,104,Gladiator's Glaive,1.84
36,Airithrin43,21,Female,108,"Extraction, Quickblade Of Trembling Hands",2.26
37,Chanjasksda31,33,Male,17,"Lazarus, Terror of the Earth",1.96
38,Aiduecal76,8,Male,9,"Thorn, Conqueror of the Corrupted",1.42
39,Heulaedru70,21,Male,155,War-Forged Gold Deflector,4.04
40,Eollym91,20,Male,18,"Torchlight, Bond of Storms",3.75
41,Lirtastan49,25,Male,127,"Heartseeker, Reaver of Souls",1.34
42,Undirrasta74,20,Male,64,Fusion Pummel,2.42
43,Chrathybust28,21,Male,16,Restored Bauble,2.15
44,Saralp86,25,Male,64,Fusion Pummel,2.42
45,Iskossaya95,23,Male,91,Celeste,2.92
46,Lisosiast26,24,Male,6,Rusty Skull,3.58
47,Eustyria89,30,Male,60,Wolf,2.7
48,Eusty71,25,Male,84,Arcane Gem,4.81
49,Frichilsa31,20,Male,14,Possessed Core,2.82
50,Filon68,23,Male,176,Relentless Iron Skewer,2.12
51,Palyon91,28,Male,1,Crucifer,3.67
52,Assistast50,23,Female,118,"Ghost Reaver, Longsword of Magic",2.95
53,Seostylis96,16,Female,94,Mourning Blade,3.64
54,Iskadar31,25,Male,111,Misery's End,1.79
55,Pheodaisun84,20,Male,108,"Extraction, Quickblade Of Trembling Hands",2.26
56,Yarmol79,17,Male,79,"Alpha, Oath of Zeal",1.31
57,Aeri79,23,Female,107,"Splitter, Foe Of Subtlety",4.15
58,Undosian34,30,Female,105,Hailstorm Shadowsteel Scythe,1.02
59,Aesririam61,39,Female,2,Verdict,2.65
60,Firon67,23,Female,68,"Storm-Weaver, Slayer of Inception",4.39
61,Jiskjask76,21,Male,31,Trickster,4.59
62,Chanirra64,18,Male,25,Hero Cane,4.78
63,Isristira52,11,Female,41,Orbit,3.85
64,Chaniman66,24,Male,164,Exiled Doomblade,1.31
65,Yarithrgue83,23,Male,181,Reaper's Toll,4.12
66,Airi27,24,Male,4,Bloodlord's Fetish,1.91
67,Undilsan50,22,Male,94,Mourning Blade,3.64
68,Aidaira26,21,Male,82,Nirvana,1.77
69,Chamalo71,34,Male,126,Exiled Mithril Longsword,1.08
70,Undadar97,25,Male,98,"Deadline, Voice Of Subtlety",1.29
71,Sundaky74,25,Male,60,Wolf,2.7
72,Lisirra44,21,Male,180,Stormcaller,2.77
73,Chamast86,35,Male,93,Apocalyptic Battlescythe,4.49
74,Ardcil81,38,Male,163,Thunderfury Scimitar,4.16
75,Heudai45,15,Male,167,"Malice, Legacy of the Queen",3.25
76,Chaniman66,24,Male,97,"Swan Song, Gouger Of Terror",1.92
77,Syalallodil59,20,Male,134,Undead Crusader,2.15
